{"cameraMode":{"drawMode":0,"name":"Shaded","section":"Shading Mode"},"sceneLighting":false,"audioPlay":false,"sceneViewState":{"m_AlwaysRefresh":false,"showFog":true,"showSkybox":false,"showFlares":true,"showImageEffects":true,"showParticleSystems":true,"showVisualEffectGraphs":true,"m_FxEnabled":true},"in2DMode":false,"pivot":{"x":9.5367431640625e-7,"y":6.263566493988037,"z":9.5367431640625e-7},"rotation":{"x":0.04229916259646416,"y":0.00030966076883487403,"z":-0.000042716481402749196,"w":0.9991183876991272},"size":8.198151588439942,"orthographic":false}