{"cameraMode":{"drawMode":0,"name":"Shaded","section":"Shading Mode"},"sceneLighting":true,"audioPlay":false,"sceneViewState":{"m_AlwaysRefresh":false,"showFog":true,"showSkybox":true,"showFlares":true,"showImageEffects":true,"showParticleSystems":true,"showVisualEffectGraphs":true,"m_FxEnabled":true},"in2DMode":false,"pivot":{"x":-7.337545394897461,"y":-175.57101440429688,"z":207.12721252441407},"rotation":{"x":0.31012046337127688,"y":0.000277678802376613,"z":-0.00015284678374882787,"w":0.9507225751876831},"size":202.97152709960938,"orthographic":false}